编号,实际值,预测值,预测区间下限,预测区间上限
28568-A,2200,2223,2185,2262
9372-B,2970,2903,2854,2953
16902-D,2270,2151,2111,2191
32768-B,3410,3985,3856,4114
71847-B,2530,2096,2055,2137
58248-C,2930,2391,2342,2441
156360-B,2910,2910,2858,2961
148539-E,2020,1496,1432,1561
29005-B,2030,2231,2196,2267
33473-B,2310,2695,2667,2723
61876-C,1830,1971,1933,2010
25852-D,1250,1176,1116,1235
2456-B,3110,2903,2874,2931
21417-D,1500,1452,1411,1492
151179-C,2870,2956,2891,3021
37004-A,1500,1829,1784,1875
23836-B,3660,3268,3226,3311
29917-A,1570,1502,1443,1561
38079-A,2140,2078,2020,2137
134431-C,2550,2282,2221,2343
36292-A,2630,2927,2864,2989
145647-A,7480,6723,6649,6797
27628-C,1590,1551,1513,1590
24789-C,1290,1403,1161,1645
148604-B,2260,2219,2137,2301
150178-C,1890,1926,1888,1965
28040-B,4290,3278,3217,3339
77452-A,1940,2228,2193,2264
7910-C,2290,2445,2409,2480
156589-A,2400,1975,1918,2032
157072-B,1730,2005,1945,2064
117058-B,2620,2782,2752,2813
306-A,1970,2027,1977,2078
8572-D,2210,2929,2895,2964
122421-C,1400,1466,1409,1523
130442-B,2340,2565,2537,2594
59086-A,6710,5314,5253,5376
132007-D,2790,3016,2975,3057
129128-A,5560,6071,6008,6135
8321-B,2760,2541,2500,2582
140999-A,1290,1136,1075,1198
155895-A,1860,1889,1846,1933
148866-B,2180,2057,2018,2097
81208-A,2860,2709,2670,2747
150023-A,7660,6791,6682,6899
26413-B,3260,3178,3118,3238
146867-A,3550,5212,5146,5279
12229-C,2460,2660,2619,2700
34946-A,6830,5826,5720,5931
12095-D,2950,3091,3049,3133
24046-C,2850,2984,2923,3044
153175-A,2780,2757,2701,2813
122636-A,3870,3087,3038,3136
33339-F,1900,2968,2898,3038
76947-C,1700,1653,1615,1690
377-B,1800,2310,2254,2366
20334-B,2030,2461,2417,2506
468-A,2590,2394,2338,2449
121404-B,1970,1778,1736,1819
125133-B,2000,2130,2070,2191
139798-A,4280,4995,4925,5065
63336-A,6260,4853,4763,4943
67476-A,2850,2626,2583,2668
43694-C,1350,1580,1492,1667
65708-A,1870,1936,1874,1998
28-B,2630,2608,2550,2666
33766-C,3110,2544,2498,2591
149894-C,2870,2361,2322,2399
153389-C,3240,2928,2885,2972
11220-D,1980,1975,1912,2039
144084-A,3860,4584,4520,4648
154718-A,2090,2869,2831,2906
30566-A,3010,2711,2649,2773
5504-C,2750,2767,2738,2796
9037-B,1940,1968,1930,2006
152266-B,2020,2262,2212,2311
38001-D,1690,1360,1320,1400
61929-C,2510,2530,2485,2575
31414-B,1370,1203,1146,1260
129528-A,3450,3302,3266,3339
63834-C,1450,1521,1449,1594
70381-A,3730,3301,3268,3333
13055-B,2270,2385,2341,2429
74247-D,2720,2532,2502,2561
11870-A,3100,3416,3381,3451
144681-A,6490,6920,6832,7007
51763-D,2260,2241,2195,2286
69852-A,1560,1824,1764,1884
33276-B,2760,2786,2755,2816
3512-B,2730,2664,2629,2700
148604-C,2630,2673,2590,2756
78754-B,3530,3585,3481,3689
149894-A,1920,1647,1608,1685
152294-A,2570,2265,2184,2347
117227-A,2220,2257,2177,2337
41039-B,2840,2892,2851,2932
7538-F,2350,2200,2135,2265
67787-A,2760,3384,3266,3503
65398-C,1720,1738,1699,1776
16254-D,1390,1322,1281,1363
27397-D,1710,1612,1572,1652
51878-C,3040,2773,2739,2807
3815-D,2200,2400,2366,2435
45436-C,2670,2753,2708,2799
142943-B,3210,2986,2952,3020
152714-A,3150,2761,2710,2812
298-B,2550,2195,2141,2249
140272-A,4460,4927,4860,4993
1486-C,2270,2012,1961,2062
129086-A,1710,1445,1407,1484
68332-C,2240,2134,2090,2177
150152-A,6530,4899,4815,4983
55345-A,3380,3121,3075,3168
56186-C,1450,1515,1453,1576
23257-B,2430,2130,2070,2191
32211-B,1940,2666,2632,2700
152507-A,1440,1359,1303,1416
23630-A,3910,3481,3419,3544
65148-A,2760,2724,2681,2767
67964-B,1460,1644,1583,1706
2187-C,2060,2151,2098,2205
17622-A,3410,2867,2827,2908
69524-C,3140,2851,2798,2905
75859-A,1870,1961,1900,2023
47309-A,3290,4764,4681,4847
70580-A,7480,6579,6517,6641
6176-A,3360,3139,3096,3181
131178-B,1550,1258,1218,1297
27870-A,1530,1229,1170,1288
19019-B,2360,2619,2575,2663
28368-B,2660,2406,2366,2446
14070-D,4280,3626,3580,3671
3449-A,2130,2473,2444,2502
11697-B,2290,2123,2083,2163
155060-A,6540,6436,6362,6510
132338-A,2040,2441,2385,2497
144288-B,2760,2936,2875,2998
70720-A,1900,1947,1889,2006
18756-A,2060,2061,2001,2120
130484-A,2490,2663,2626,2700
7105-B,3050,2975,2937,3014
14938-D,3090,3076,3044,3108
69776-C,1890,1906,1850,1963
56906-A,3250,3438,3402,3474
8910-B,3620,3480,3446,3514
48391-D,1690,2034,1970,2097
58286-C,1090,871,809,933
20806-D,2640,2786,2741,2831
28658-A,2540,2800,2757,2842
263-E,2740,2950,2874,3027
13660-C,2540,2796,2760,2833
43433-B,2350,2536,2480,2593
141332-B,2580,2663,2614,2713
137139-B,3290,3300,3249,3352
19025-A,5140,6773,6704,6842
116881-D,1530,1326,1286,1366
32726-B,2740,2709,2658,2760
49688-B,2140,2469,2424,2513
4446-C,3440,3113,3080,3145
119447-A,1850,2181,2137,2226
19946-B,5500,7439,7368,7510
140524-A,7350,5288,5165,5411
38001-C,1260,1165,1125,1206
4233-A,3180,3121,3083,3159
31809-B,2630,2614,2581,2647
52562-A,4270,4659,4582,4737
37055-C,2370,2724,2664,2784
119335-B,2540,2469,2409,2529
45617-B,2060,2546,2509,2584
19805-B,2060,2461,2417,2506
19934-B,1930,2461,2417,2506
145264-A,9730,7436,7342,7530
46953-B,2110,2233,2180,2286
41623-A,2000,2317,2278,2355
65335-A,4560,5265,5169,5362
51861-A,2050,2667,2615,2719
77035-C,2390,2651,2604,2698
122562-B,3090,3446,3328,3564
63213-C,2260,2054,1998,2110
54260-B,2550,2992,2951,3032
10984-C,2710,2919,2800,3038
35122-D,3220,3425,3360,3489
135043-A,5370,5164,5102,5226
531-C,2780,2811,2771,2850
76329-C,1890,2068,2003,2132
22774-D,2180,2069,2021,2118
30630-A,2390,1936,1874,1997
25704-B,1790,1718,1681,1754
50619-B,3210,2736,2695,2777
58916-A,2300,2112,2054,2170
139583-C,2960,2599,2555,2642
153465-A,6290,5431,5304,5558
58809-C,2890,2804,2750,2859
28815-A,1960,1894,1850,1938
71235-B,3750,3425,3369,3482
8408-A,2310,2391,2339,2444
9961-B,3100,3179,3115,3243
42415-C,4300,3340,3296,3384
4125-B,3650,3217,3175,3259
136532-A,2150,2187,2140,2234
43389-C,2290,2269,2216,2321
23111-B,2190,2375,2335,2415
122765-B,1770,1789,1750,1828
34434-B,1800,1804,1765,1843
145005-B,2110,1725,1684,1767
1652-D,2650,2842,2807,2877
11295-A,2650,2585,2553,2617
8262-B,2440,2507,2477,2537
9150-C,3720,3811,3711,3911
116505-A,2770,2807,2765,2849
32670-C,2970,3186,3125,3246
31532-B,1990,2594,2558,2630
33217-A,1420,1616,1557,1674
29673-B,2980,2471,2431,2512
135160-C,3080,3099,3038,3159
8180-B,2980,2949,2921,2976
124512-B,2800,2975,2916,3034
49740-B,1620,1516,1478,1554
59757-A,5310,5158,5063,5253
55511-A,7650,6022,5964,6081
47817-B,1810,1919,1880,1958
11403-C,2690,2662,2606,2719
79776-B,1650,1725,1688,1761
72500-D,2760,2495,2452,2537
59185-B,4250,3441,3321,3560
4561-C,2530,2496,2445,2548
70652-C,2650,2643,2614,2672
41437-C,1300,1219,1160,1278
136368-C,3570,3228,3190,3266
52407-B,2260,2032,1971,2093
37972-A,2360,2258,2176,2339
18327-C,2660,2474,2421,2527
2589-B,2400,2253,2213,2293
45860-A,1600,1572,1509,1635
16203-B,2820,2724,2679,2770
127890-A,5340,6039,5969,6109
77342-A,1730,2031,1951,2111
66270-C,1840,1738,1699,1776
66324-C,2910,2927,2866,2988
114541-A,1560,1463,1424,1502
44453-A,2490,2222,2182,2263
61477-A,2990,2773,2736,2811
17342-A,1540,1517,1459,1575
34977-C,2890,2614,2570,2657
14817-C,3060,2838,2780,2897
62764-A,1480,1730,1676,1784
28149-D,2050,1879,1838,1921
65223-D,3410,4198,4155,4241
17185-A,1300,1332,1274,1391
63301-B,2050,2299,2218,2380
114473-D,1790,1668,1627,1708
153445-B,1680,1565,1525,1605
34514-A,1480,1933,1873,1992
1591-A,2540,2584,2528,2640
152349-B,2570,2448,2410,2487
12983-B,2370,2386,2301,2471
4439-A,2610,2848,2807,2890
141303-A,2240,2288,2250,2326
121125-A,3390,2547,2473,2621
149525-A,2440,2462,2425,2500
80638-C,1510,1924,1861,1987
70491-A,2690,2842,2761,2923
19506-D,1860,1662,1622,1702
37476-A,3960,4758,4693,4823
52083-C,3070,3049,3013,3085
56565-A,2140,1823,1765,1881
27755-C,2220,2196,2143,2249
3959-C,2690,2595,2552,2639
8945-C,3130,3150,3116,3184
44329-D,1280,1429,1345,1513
134282-A,4420,6340,6249,6431
145637-A,3410,2749,2694,2803
10040-C,2220,2527,2466,2588
16553-A,1700,1530,1471,1588
21623-B,1860,2101,2062,2140
26889-A,1750,1581,1522,1640
32659-B,1440,1137,1081,1194
3120-B,2490,2510,2474,2545
150865-B,2590,2820,2775,2866
79897-A,3450,3366,3321,3411
2769-C,2240,2123,2083,2163
54544-C,3710,3050,2999,3100
293-A,3690,3257,3155,3358
70134-D,1660,1705,1649,1761
59813-B,2010,1876,1837,1915
114617-C,1800,1797,1742,1853
54485-A,2140,2158,2119,2197
61451-B,2400,2557,2510,2605
21918-C,2460,2578,2549,2607
13779-B,2540,2635,2600,2671
40514-A,1920,2407,2372,2441
2184-B,2030,2179,2124,2234
148991-A,4570,6547,6449,6645
25462-A,2160,2277,2240,2314
33553-C,2020,1939,1881,1997
81486-C,1790,2148,2088,2207
33303-A,1830,1935,1873,1997
17984-D,2970,3043,2981,3104
44810-B,2350,2393,2330,2456
26582-C,2560,2688,2628,2748
135764-C,2660,2947,2886,3007
156840-C,1690,1517,1479,1555
76809-A,1950,1844,1792,1896
5214-A,2710,2515,2470,2559
37004-C,1580,1829,1784,1875
29079-C,1410,1090,1027,1153
12921-A,2820,2868,2835,2901
48548-A,3040,2913,2869,2956
306-B,2050,2157,2107,2207
75464-A,1690,1458,1398,1517
37976-B,2560,2802,2765,2838
65931-B,1660,1660,1623,1696
149941-C,2840,2604,2532,2676
52423-B,2420,2291,2237,2344
80134-B,1910,2451,2396,2505
34993-B,1700,1516,1476,1556
142844-C,2990,3433,3369,3497
45762-B,1880,1947,1901,1992
146715-C,2650,2766,2731,2801
141995-C,2810,2515,2470,2559
148723-A,2230,2004,1966,2042
65199-A,6410,5511,5433,5590
140653-A,2990,2986,2934,3037
143634-A,2200,2329,2271,2387
34977-B,3300,2549,2505,2592
15963-A,2550,2643,2614,2672
44317-B,2300,2343,2313,2373
40725-C,3210,2574,2518,2630
6965-A,2870,2868,2826,2911
61654-B,1930,2116,2072,2161
46784-B,1980,1881,1824,1938
54030-C,1760,1804,1743,1866
132910-C,1620,1407,1337,1478
1020-B,3520,3552,3490,3614
27324-C,1570,1835,1785,1885
42193-D,1890,1684,1644,1725
14114-B,2670,2747,2711,2783
140488-B,1920,2504,2468,2539
58022-B,2930,2764,2709,2819
140177-B,2730,2435,2384,2486
39040-B,2010,2036,1998,2075
13453-B,3330,3242,3179,3305
63281-A,7450,5854,5795,5914
29550-D,1530,1572,1525,1620
124539-C,2320,2628,2597,2660
139430-A,2530,2780,2720,2841
147233-A,5480,5595,5529,5661
34857-A,4700,5453,5376,5530
56700-C,2280,2499,2464,2533
131622-A,3860,3191,3149,3233
2911-F,2490,2735,2669,2801
13372-A,2550,2563,2532,2595
156099-B,1890,1869,1809,1929
7972-C,3180,2717,2675,2759
12581-D,2650,2669,2611,2727
12581-A,2880,2669,2611,2727
78684-A,2630,3015,2989,3042
30697-B,2020,2526,2486,2567
20789-C,2050,2461,2417,2506
52664-B,2390,2626,2591,2662
42651-C,1960,1814,1778,1851
116274-A,2300,2265,2184,2346
49607-A,3020,2764,2722,2807
137267-A,1980,2083,2038,2128
21393-A,6200,5225,5164,5286
72264-B,2490,2429,2348,2510
140526-B,1580,1664,1602,1727
27762-C,1950,1878,1817,1938
21324-A,2890,2894,2856,2932
713-B,4210,3575,3522,3628
75121-A,1920,1863,1817,1909
21490-C,2020,2461,2417,2506
132355-A,2230,1934,1876,1992
32673-A,2740,2885,2804,2966
143724-A,1900,1517,1479,1555
22342-B,2000,2007,1947,2068
36081-B,1780,2050,2011,2090
48103-A,1640,1803,1743,1862
62834-B,2000,1878,1825,1931
14869-B,2040,1831,1772,1890
19080-B,2430,2876,2849,2903
26791-D,2940,2827,2775,2879
54221-C,1840,1920,1882,1958
13330-A,2660,2691,2656,2727
152158-A,8590,8264,8154,8373
125611-A,3160,3146,3100,3192
22629-A,2340,2208,2168,2249
128579-B,2570,2712,2660,2763
145752-B,2820,2261,2216,2306
140150-A,2850,2885,2825,2944
149207-C,2390,2439,2371,2507
146716-A,5270,7770,7666,7875
52458-A,3650,3163,3125,3201
301-C,2470,2492,2462,2522
137774-E,3100,2775,2737,2813
26636-B,2610,2696,2661,2731
9836-D,3670,3212,3131,3293
150821-C,2190,2887,2830,2944
73752-C,2730,2781,2738,2823
62004-B,2130,2156,2108,2204
2522-B,2610,2253,2213,2293
75817-C,1870,1895,1834,1955
27568-C,1840,1895,1842,1947
14507-E,3150,2904,2837,2970
51671-D,1510,1377,1314,1440
151544-A,2830,1832,1771,1894
118331-C,1620,2075,2027,2123
135257-A,1290,1284,1225,1343
49614-C,2270,2032,1969,2095
36659-E,2200,3323,3259,3387
34235-B,2070,2253,2209,2297
51940-B,1980,1831,1772,1890
145004-A,4440,5300,5219,5381
126052-C,3880,3300,3252,3347
47252-A,4360,5485,5419,5551
2630-C,2480,2471,2427,2516
20299-B,1520,1490,1449,1530
33814-B,2320,2254,2200,2308
153116-A,5930,5140,5015,5266
5937-C,2840,3014,2957,3071
57684-B,2920,2605,2568,2642
7618-E,2770,3105,3032,3178
118396-A,3160,2561,2526,2595
18877-C,2110,2616,2588,2645
38302-B,1700,1764,1720,1808
124973-C,2500,2507,2477,2537
79428-A,2410,2756,2720,2792
131975-B,2720,2712,2674,2750
146372-B,1790,1953,1888,2018
20032-A,2440,2878,2835,2922
147367-C,2100,2212,2158,2267
27714-A,2040,2667,2615,2719
57791-C,1880,1897,1836,1958
151951-B,2100,2070,1988,2152
1609-C,2060,2423,2386,2461
153443-A,3170,3081,3034,3128
23454-B,2180,2091,2033,2149
119826-B,1870,1660,1623,1696
80092-A,2530,2236,2194,2278
6842-A,2370,2084,2028,2140
49974-A,1850,1893,1834,1952
2879-A,2130,2123,2083,2163
47161-D,2680,2856,2794,2917
77708-C,1710,1559,1317,1801
33787-B,2330,2630,2602,2658
138101-A,2930,3346,3284,3408
147541-A,5550,6051,5991,6111
18181-B,2300,2125,2066,2185
3098-B,2720,2830,2795,2866
152393-C,3180,2602,2556,2648
5176-D,2230,2285,2230,2341
1500-C,2480,2676,2619,2733
155412-B,3390,3201,3174,3228
1030-B,2590,2492,2451,2533
150484-A,3140,2782,2730,2833
120069-B,2210,2218,2134,2302
48376-C,2440,2301,2259,2343
7121-C,2990,2721,2691,2751
254-C,3360,3248,3200,3295
3925-A,2350,2480,2446,2514
24013-C,2400,2556,2520,2591
69136-B,1740,2138,2082,2193
78667-C,2840,2632,2593,2671
43636-B,2290,2445,2409,2480
15740-B,2750,2644,2583,2705
134598-B,1650,2050,1978,2121
61257-A,2250,2053,2017,2090
1571-B,2900,2785,2753,2816
58006-B,1860,1999,1937,2061
125292-C,1400,1369,1306,1431
37446-C,3620,3221,3184,3258
29123-C,2420,2484,2416,2552
64192-A,1930,2087,2039,2135
122751-B,3450,4015,3919,4111
14506-A,3100,3182,3132,3231
29050-B,1600,1619,1562,1676
33067-C,1880,1560,1522,1598
116274-B,2890,2849,2769,2929
11042-A,1850,1842,1783,1900
116578-B,4040,3751,3677,3825
374-B,4170,4416,4363,4468
79570-D,3190,2986,2956,3016
150862-A,1790,1746,1683,1809
3932-C,2300,2301,2267,2336
16902-C,1930,2086,2046,2126
71859-B,1360,1381,1324,1437
130611-B,2970,2467,2410,2525
7451-C,2310,2254,2200,2308
32007-B,3570,3502,3439,3565
132544-A,1770,1920,1863,1977
4140-A,2460,2457,2410,2503
37424-B,3360,3253,3214,3292
49920-A,3220,3161,3042,3281
22010-B,3320,3627,3584,3669
32630-D,1850,2020,1968,2071
77542-C,2120,2654,2625,2683
4034-C,3140,3123,3096,3150
43326-A,2500,2653,2570,2735
44134-A,7580,7046,6949,7143
130508-A,2420,2230,2191,2269
30505-B,1900,1932,1894,1971
157094-C,2110,1899,1861,1938
2797-B,2410,2123,2083,2163
26641-A,2140,2180,2118,2241
3460-F,2050,2430,2351,2508
44068-C,4380,3310,3278,3343
43379-D,2300,2352,2316,2389
49740-A,2220,2165,2126,2204
1779-C,2360,2735,2692,2777
20283-D,2640,2786,2741,2831
48653-C,1940,2197,2162,2232
61325-B,2440,2577,2531,2622
7042-A,4370,3320,3289,3352
148984-B,2300,2200,2119,2281
53616-B,1970,2265,2206,2323
46837-A,3300,2653,2620,2686
31984-C,2590,2912,2883,2940
29204-B,2600,2507,2450,2565
46645-B,2390,2396,2357,2435
149455-C,3180,2924,2850,2997
124954-B,2400,2602,2550,2654
17830-A,9000,9788,9653,9922
12014-E,2040,2636,2579,2694
65154-A,1780,1804,1736,1872
21050-D,2240,2496,2443,2548
58796-A,2020,2473,2444,2502
43905-C,2880,2216,2176,2257
2331-B,2460,2710,2674,2747
62235-B,1770,1829,1785,1873
32632-A,2070,2186,2122,2250
31903-A,1570,1191,1132,1251
114623-B,2700,2610,2576,2643
305-A,2200,2301,2248,2354
391-E,2150,2672,2585,2760
66421-B,2170,2215,2170,2259
55180-C,2590,3414,3347,3480
23783-A,5210,4864,4796,4932
50464-A,2240,2652,2623,2681
124342-C,1750,1876,1813,1939
133552-D,1550,1555,1497,1612
147896-A,10550,8787,8676,8899
27875-B,2860,3046,2997,3095
29818-A,1200,1218,1156,1279
53221-C,2780,2428,2366,2491
5234-C,3290,3480,3449,3512
64046-B,3540,3570,3529,3610
29754-B,2330,2300,2236,2363
69886-A,4860,4018,3946,4089
68881-B,1340,1071,1012,1130
119737-A,3070,3066,3020,3112
51244-D,2730,2093,2041,2145
70536-A,3210,3490,3371,3610
149667-B,2000,2230,2174,2285
125719-A,4230,4284,4208,4361
147912-A,1950,2102,2052,2153
33970-A,3180,2884,2856,2911
10506-C,2830,2911,2867,2954
8945-B,3220,3085,3051,3119
32030-C,2540,2648,2614,2682
136108-B,2670,2763,2696,2831
71657-A,1820,1810,1759,1862
36335-D,1490,1510,1451,1569
20949-C,2420,2565,2537,2594
21899-B,1510,1228,1169,1288
34720-A,2570,2854,2794,2914
24915-C,1430,1291,1234,1348
10556-D,2400,2626,2584,2669
69765-B,1940,2116,2072,2161
123923-C,2980,3288,3228,3348
8211-B,2680,2634,2599,2669
115322-A,1590,1674,1616,1732
10546-B,2630,2552,2493,2612
66482-D,1450,1510,1451,1569
5616-E,3790,3916,3862,3970
38003-A,2500,2496,2461,2532
151300-B,2130,1946,1909,1983
51401-A,2150,2158,2119,2197
74439-C,1700,1804,1746,1861
59677-D,3770,3169,3132,3207
41701-A,3560,4391,4324,4458
29460-C,2450,2643,2614,2672
57684-A,3450,3254,3220,3288
80816-C,2140,2500,2472,2529
117098-C,2110,1761,1723,1800
6966-B,1780,2339,2310,2368
71659-B,1910,2077,2021,2133
68261-C,2390,2643,2614,2672
27023-D,1320,1687,1614,1760
47257-A,2630,2480,2449,2510
16677-B,3360,3479,3434,3525
118742-A,1770,1986,1929,2044
49512-A,2550,2508,2461,2555
147707-C,2860,2755,2698,2811
30623-B,1840,1609,1570,1648
26559-B,1660,1673,1634,1712
56807-A,2060,2078,2041,2115
19550-C,2490,2188,2148,2228
59711-C,2050,1961,1897,2025
119440-A,2920,2262,2211,2313
52987-D,1650,1766,1705,1828
11787-A,3250,2859,2830,2887
52988-C,3550,3293,3254,3331
26508-A,3280,2922,2861,2983
49287-B,4780,3424,3382,3466
116388-C,3130,3231,3195,3267
28166-C,2180,2038,1980,2095
138416-C,2220,2454,2410,2497
6621-C,2260,2094,2046,2142
9088-A,6580,5479,5373,5585
3870-D,2770,3107,3050,3164
132910-E,2100,1667,1597,1737
3510-A,3040,2941,2915,2968
9806-D,1870,2009,1967,2051
153837-A,5900,5498,5441,5556
73966-A,4390,4942,4875,5009
71540-A,2180,2578,2532,2625
51543-B,2850,2715,2671,2760
43928-A,1540,1504,1466,1542
129894-D,4360,3557,3521,3594
36267-B,2080,2131,2079,2184
1268-C,2310,2194,2144,2244
47755-A,1610,1675,1434,1917
74728-A,2040,2743,2688,2799
3820-A,2570,2851,2816,2886
137947-A,3210,2920,2863,2977
59392-C,1910,2343,2313,2373
2533-A,2750,2984,2923,3044
64752-A,5810,5105,4999,5211
19768-A,2090,2526,2482,2571
24297-B,2180,2389,2354,2423
20221-A,3760,3491,3424,3559
77732-D,1640,1516,1476,1556
54026-B,2200,1855,1807,1902
153850-D,1740,1697,1627,1766
48962-B,2130,2264,2229,2298
28480-C,1230,1137,1081,1194
18983-C,2210,2162,2099,2225
61823-B,2250,2389,2354,2423
19975-A,7090,6726,6618,6834
18909-A,6190,6735,6670,6800
80716-A,2590,2808,2765,2852
71627-A,3940,4344,4273,4416
57806-C,2360,2102,2049,2154
19893-B,2980,2975,2938,3012
64847-A,5950,5318,5241,5395
8994-B,2440,2507,2477,2537
49181-A,6050,4899,4840,4957
40474-B,1780,2193,2153,2233
24840-D,1200,1335,1260,1411
13047-B,3060,2846,2801,2891
125133-A,2130,2455,2395,2515
50811-D,2370,2623,2562,2683
69296-B,2460,2593,2542,2645
68508-B,3820,3611,3559,3662
7554-D,2550,2470,2431,2510
9528-B,3040,3148,3102,3194
147560-B,2530,2719,2639,2799
67317-B,3380,3527,3481,3573
122624-C,3030,3009,2949,3070
140939-A,2630,2629,2593,2664
145439-C,2170,2060,1997,2122
119104-C,2900,2760,2702,2819
466-A,3260,3318,3273,3362
155916-A,2290,2464,2417,2512
48336-B,2410,2257,2176,2338
158919-A,1930,2084,2027,2141
52286-D,2730,3200,3131,3269
63260-B,2670,2507,2477,2537
35122-A,4450,4203,4136,4271
54010-C,2130,2040,1984,2095
42278-A,5550,4640,4570,4709
46147-C,2570,2625,2588,2663
1885-C,3280,3887,3783,3992
127220-B,3850,2897,2833,2961
11923-B,2110,2179,2135,2223
5820-C,3490,3280,3246,3314
132232-A,1330,1239,1177,1301
4649-B,3030,3243,3183,3303
70528-C,2480,3422,3321,3524
27608-D,2690,2129,2089,2169
8942-A,2470,2480,2449,2510
150933-A,6380,5465,5406,5524
67664-A,2680,2422,2372,2471
54030-B,2010,1999,1937,2061
55087-A,1950,1582,1541,1622
148105-A,2180,2226,2186,2266
149205-B,3080,2919,2872,2965
38389-B,1870,2036,1998,2075
31255-B,1790,1751,1694,1809
129586-A,2870,2609,2573,2645
156954-B,3970,3320,3226,3414
122645-D,1640,1897,1843,1951
51225-D,2110,1490,1449,1530
61654-C,1780,2051,2007,2096
8010-A,1910,1928,1882,1973
2628-B,2440,2123,2083,2163
124455-E,2060,2354,2289,2418
63951-A,1820,1797,1758,1835
149204-A,3210,2907,2871,2942
69888-B,3010,2920,2858,2981
20864-A,2030,2526,2482,2571
124954-C,1650,2018,1966,2070
153698-D,2320,2257,2172,2341
4726-F,2000,2403,2321,2484
54095-C,2320,1847,1786,1909
140906-A,3610,3831,3771,3890
53712-B,2440,2770,2736,2803
34248-B,2450,2697,2635,2758
33925-A,2900,2708,2674,2742
41039-A,3560,3346,3306,3387
19027-B,2380,2403,2369,2436
47826-E,1650,2960,2889,3031
2447-A,2300,2288,2250,2326
78-C,2420,2566,2502,2630
56614-A,2180,2557,2525,2590
8698-B,2960,3155,3117,3192
55662-B,1700,1640,1602,1678
140999-C,1460,1526,1464,1587
133781-D,1900,1697,1658,1735
8448-C,1680,1831,1772,1890
12952-B,2140,2626,2598,2654
8502-A,2240,2445,2409,2480
204-B,2640,2965,2920,3010
139436-B,2000,2581,2526,2635
26652-A,2740,2995,2877,3113
147585-C,3140,3135,3049,3220
26990-C,2080,1931,1864,1999
18327-A,1800,1825,1774,1877
30636-B,2580,2776,2746,2807
150816-B,2020,1589,1552,1627
79833-C,3050,2980,2931,3030
43454-B,2100,1604,1563,1645
43031-D,2680,2445,2389,2501
61539-B,1680,1882,1824,1940
77882-B,1900,1715,1676,1755
61874-B,2160,2183,2136,2229
25098-B,2870,2380,2327,2433
19027-A,2590,2922,2889,2955
73482-A,1390,1424,1364,1483
218-C,2560,2752,2700,2805
218-A,2550,2623,2569,2676
133830-B,1570,1774,1720,1829
115028-A,1440,1534,1471,1596
9572-A,1440,1483,1445,1521
122180-B,3720,2979,2919,3038
36115-D,1780,1391,1351,1431
69232-A,2840,2702,2662,2741
48614-C,2730,2401,2348,2453
62436-B,1970,2020,1975,2065
47826-A,1420,1662,1593,1731
49786-A,3040,2621,2571,2672
438-A,2860,3110,3066,3155
21559-D,2650,2786,2741,2831
43031-A,2470,2186,2130,2242
142363-C,1350,1340,1277,1402
26304-B,2150,2522,2493,2552
156099-C,1790,1869,1809,1929
12892-C,2340,2455,2415,2496
268-C,2290,2176,2064,2289
17018-A,6400,6815,6732,6897
12544-B,2230,2028,1982,2073
40707-C,1300,1627,1565,1688
118059-A,1950,1816,1779,1854
117389-B,1680,1804,1765,1843
19706-A,3030,3079,3047,3111
57882-A,7220,6571,6445,6696
151411-D,2040,2171,2130,2213
73054-A,3360,3108,3070,3146
5168-D,2500,2391,2347,2436
121522-C,1700,1603,1545,1662
135369-D,2650,2440,2398,2482
31704-A,2020,1939,1889,1990
35378-A,3860,3689,3652,3726
60306-B,4250,3673,3625,3721
32700-A,2220,2697,2661,2733
150121-A,2840,2465,2383,2547
20986-C,1950,2461,2417,2506
10921-A,2620,2552,2492,2613
124586-B,2090,2306,2265,2346
43753-A,2610,2524,2462,2586
767-B,2030,2630,2602,2658
28012-A,2520,2643,2614,2672
28166-A,2240,2038,1980,2095
48416-B,2730,3087,3055,3120
27386-B,1790,2324,2289,2358
69546-A,1940,1933,1894,1973
149066-B,1740,1720,1678,1762
129601-D,4360,3188,3126,3249
30551-B,2300,2521,2473,2570
151685-A,2970,3159,3116,3203
57942-A,2200,2443,2384,2502
118406-A,2650,2502,2443,2560
150626-A,2840,2776,2695,2857
136638-A,1920,1916,1858,1974
9378-A,2370,2096,2054,2137
33621-A,1740,1804,1747,1862
141232-B,3510,3024,2992,3055
31115-A,2270,2659,2599,2719
48752-A,7970,5710,5602,5818
7026-B,2210,2310,2276,2345
121009-C,1880,2211,2156,2266
140711-C,2370,2576,2516,2635
65857-C,2550,3321,3254,3388
134466-A,2920,2759,2718,2800
142922-A,1640,1621,1578,1663
64825-D,2860,3033,2913,3152
42464-B,2930,2905,2878,2932
154020-B,4110,3503,3467,3539
153268-A,2340,2083,2038,2128
28173-B,1770,1862,1803,1921
4013-A,2700,2625,2564,2685
13916-A,2440,2441,2405,2476
51956-B,2400,2728,2679,2777
72510-A,1830,1790,1749,1832
38299-A,2920,3080,3054,3107
4574-B,2510,2821,2794,2848
51493-C,1760,1811,1748,1874
14770-A,3080,3412,3379,3445
32972-B,3040,2795,2755,2835
76472-C,2880,3143,3083,3202
25741-D,1810,1856,1799,1913
22622-A,5110,4681,4612,4751
52621-C,1750,1770,1714,1826
43546-B,2010,1919,1883,1956
61451-C,2340,2492,2445,2540
25691-A,1860,1418,1377,1458
13768-A,4850,5625,5567,5684
61949-C,1580,1582,1541,1622
1128-B,2660,2845,2809,2880
6135-A,2490,2589,2554,2624
8707-A,2430,2732,2695,2768
63291-B,2350,2597,2563,2631
44286-B,3250,3430,3312,3549
124721-A,3040,3031,2962,3100
20854-B,2200,2619,2575,2663
137165-A,3780,3377,3322,3431
68800-B,1830,1766,1707,1825
129141-B,2590,2510,2474,2545
135944-A,1890,1659,1599,1719
146202-B,3500,3145,3100,3191
140849-D,2600,2384,2342,2426
55179-A,2620,3295,3177,3413
1251-C,2620,2970,2934,3006
64226-B,2290,2022,1959,2086
51440-B,2900,2773,2735,2812
2588-A,3060,2864,2805,2922
67981-B,2680,2675,2635,2715
129679-D,2700,2891,2830,2953
124321-C,1950,2057,1996,2118
15201-A,7190,6776,6712,6839
8210-C,2470,2484,2440,2527
58055-C,1810,1803,1764,1841
4891-C,2360,2578,2549,2607
17641-B,2260,2198,2134,2262
75276-C,1860,1922,1871,1973
44046-C,2510,2919,2859,2979
1027-G,2350,3386,3296,3476
26887-A,1520,1596,1532,1659
26589-A,1280,1283,1221,1344
34219-C,2500,2530,2473,2588
25753-B,2080,2165,2111,2219
597-B,2880,2418,2366,2470
156589-B,2730,2299,2244,2354
122751-A,3860,4339,4243,4436
18471-A,6290,6485,6423,6547
6318-D,2580,2905,2872,2939
75060-C,2500,2650,2600,2699
45898-B,2230,2227,2145,2309
8928-B,3020,2820,2777,2864
23312-A,3630,3228,3190,3266
55617-D,2020,2124,2072,2176
150765-B,1990,2292,2233,2350
74365-A,2600,2679,2615,2744
145506-A,8080,9603,9461,9746
33479-A,2610,2732,2695,2768
77965-C,1990,1984,1947,2020
47010-A,4970,5083,5012,5154
41840-B,1340,1316,1259,1372
132355-D,2190,1739,1682,1797
150671-A,1980,1985,1945,2026
38992-A,2700,3052,3002,3102
116947-C,1820,1589,1548,1630
67527-B,2780,2600,2556,2645
26431-D,2060,2120,2081,2159
15768-B,4200,3714,3648,3779
17337-B,2120,2366,2307,2426
29935-A,1440,1332,1276,1388
2178-A,2760,3063,3013,3113
1480-B,1990,1795,1740,1850
143233-C,3620,3501,3456,3545
1619-B,4460,3449,3416,3482
2560-C,2240,2475,2432,2518
136781-A,2300,2302,2250,2353
121988-C,2100,2547,2513,2582
3407-A,2450,2635,2600,2671
31449-C,1510,1395,1330,1459
37615-B,1500,1516,1476,1556
145873-B,2430,2386,2345,2428
125699-A,2860,2849,2804,2893
122384-C,2580,2218,2179,2257
149631-A,4170,6193,6121,6265
44011-A,5370,5431,5372,5489
1332-A,2350,2194,2144,2244
139531-B,1820,1934,1876,1992
5616-D,2240,2424,2381,2466
23527-B,1560,1678,1606,1750
37619-A,1880,1718,1681,1754
13619-C,2910,3070,3009,3131
46775-A,2160,1976,1906,2046
27714-B,1620,2018,1966,2070
1208-B,2170,2695,2667,2723
62298-B,2500,2544,2510,2579
1217-B,2190,2423,2386,2461
65029-C,1670,1824,1764,1884
25556-A,1420,1533,1291,1775
138500-C,3460,2778,2727,2830
42480-C,1870,1859,1801,1918
33070-B,3040,2779,2750,2807
133205-B,2770,2312,2265,2360
154321-A,4030,3653,3558,3749
26097-C,1450,1534,1472,1597
126186-D,3500,3085,3036,3134
11131-C,2540,2407,2370,2444
32052-D,1830,2112,2072,2153
158275-B,2560,3336,3236,3436
65840-B,3070,3033,2995,3070
29511-A,1920,2044,2004,2085
20066-A,2300,2786,2741,2831
58034-A,2210,1908,1853,1963
35220-B,2370,2396,2341,2451
59677-C,3280,2910,2873,2947
49128-C,1380,1442,1379,1505
20635-A,2440,2569,2534,2604
41169-A,1920,1833,1788,1879
12884-A,2780,2909,2872,2945
132758-A,2880,3434,3334,3534
142955-A,2550,2538,2509,2567
27668-D,2290,2697,2661,2733
54032-B,3040,3339,3286,3391
45193-B,2430,2252,2213,2290
116933-A,1760,1715,1676,1755
154502-B,2510,2335,2253,2418
65434-A,4320,3632,3569,3695
2104-B,2170,2309,2254,2363
30392-B,1960,1797,1758,1835
36267-D,2300,3234,3177,3292
62211-C,2380,2626,2598,2654
43885-C,2480,2571,2535,2606
23736-A,1910,2389,2354,2423
74344-A,2430,2531,2496,2566
30651-B,1720,1659,1620,1698
145763-C,2540,2616,2556,2676
44228-A,2160,2898,2841,2954
71808-C,2740,2649,2591,2708
5225-C,2990,3158,3098,3219
124237-B,2500,2489,2450,2527
49268-C,3050,3220,3162,3278
53490-A,1420,1490,1433,1547
61256-A,2870,2982,2934,3029
120656-B,2170,2236,2155,2318
17628-B,4030,4081,3985,4176
39984-A,3390,2788,2744,2831
10921-B,2130,1903,1844,1963
67558-A,2150,2148,2103,2193
64401-A,3430,3951,3832,4069
51504-D,1550,1572,1509,1635
23736-B,1800,2324,2289,2358
27352-B,1250,1340,1277,1403
69671-C,2840,2595,2556,2635
10867-D,2190,2568,2520,2616
63592-B,1490,1629,1569,1689
36459-E,2400,2285,2189,2380
38800-C,3430,2822,2774,2869
7255-B,1920,1903,1844,1963
47661-C,2270,1987,1942,2032
138613-A,6270,7865,7744,7986
42515-B,1860,1991,1953,2029
72084-C,1830,1727,1686,1767
77080-A,2630,2545,2463,2627
67891-A,5250,4669,4607,4731
35309-C,2690,3211,3146,3276
140805-A,1670,1777,1739,1815
60334-B,4050,3416,3356,3477
67664-C,4280,3525,3468,3582
119124-B,2310,2162,2120,2204
29273-B,1690,1938,1881,1995
927-A,3280,3373,3313,3433
14949-A,2100,2634,2595,2674
22386-C,2850,2653,2612,2694
118865-A,2840,2993,2938,3049
121504-A,2650,2878,2812,2943
55655-B,3500,3493,3414,3571
125524-B,2230,2389,2334,2444
55839-C,2360,2219,2137,2301
36775-D,1230,1637,1573,1701
7543-A,2130,2475,2432,2518
2141-C,2360,2818,2783,2852
78679-B,2330,2272,2242,2302
78818-A,2430,2366,2324,2408
1539-B,2650,2725,2686,2765
33023-C,2560,2383,2342,2423
148494-A,4690,7595,7506,7685
74416-B,2620,2662,2628,2696
2331-A,2320,2646,2609,2682
118396-B,3140,2366,2331,2401
11662-B,3180,3142,3104,3181
38738-B,1720,1684,1627,1740
125125-B,3180,4040,3908,4172
13834-A,2450,2664,2625,2702
151194-A,1690,1784,1730,1838
66360-B,1960,1885,1846,1924
121384-C,2610,2731,2703,2758
35192-A,3570,3617,3556,3677
137583-A,4220,5100,5029,5171
44860-D,2180,1841,1800,1882
37976-A,2940,3256,3222,3290
116679-B,2850,2807,2776,2838
47245-B,2470,2611,2554,2668
2465-B,2730,2903,2874,2931
7742-B,2960,3242,3179,3305
54954-C,2130,2777,2726,2828
35-A,2430,2373,2333,2414
52037-B,2110,2033,1995,2071
43400-B,1900,1807,1767,1847
42701-A,1410,1770,1720,1820
19604-D,2570,2366,2303,2429
138179-B,3000,3080,3013,3148
138493-A,3020,3021,2940,3102
1598-E,3350,3164,3125,3204
128161-A,5450,5781,5720,5842
41818-B,4100,3444,3403,3485
7972-B,3220,2847,2805,2889
139430-C,2290,2586,2525,2646
7823-A,2130,2607,2503,2711
69548-A,3670,3093,3059,3126
81332-B,2910,3683,3564,3802
59162-D,1330,1301,1241,1360
33229-A,1640,1732,1674,1791
50638-D,2870,2557,2499,2615
148027-A,2110,2405,2357,2453
52323-C,1980,2500,2472,2529
56036-A,2420,2009,1967,2051
23801-B,2850,2987,2937,3037
123986-C,1460,1537,1479,1596
13405-B,2860,2449,2408,2489
55579-B,2750,3451,3384,3518
50145-B,2550,2613,2574,2651
33428-B,1490,1553,1494,1613
21506-D,3210,3684,3646,3722
24457-C,1740,2418,2383,2453
54686-B,3040,3803,3737,3869
26524-A,1620,1490,1449,1530
131622-C,4270,3516,3473,3558
40741-A,4330,4507,4446,4569
3906-C,3150,2838,2801,2876
143730-B,2820,1970,1929,2010
11254-D,3670,3497,3434,3560
35348-B,2450,2697,2635,2758
27995-C,1690,1640,1580,1699
155887-B,2550,2777,2696,2858
158369-B,1610,1615,1576,1654
2140-C,2830,2568,2515,2622
150991-B,2000,1783,1746,1819
2408-B,2580,2725,2686,2765
20617-A,2530,2618,2576,2661
6672-C,3500,3061,3019,3103
67997-B,1910,1862,1800,1924
67862-B,3380,3410,3372,3447
12466-A,1650,1903,1851,1955
152507-B,1520,1489,1433,1546
27755-B,2560,2845,2790,2900
115964-A,1790,1633,1575,1691
35394-B,1330,1397,1340,1455
136445-A,6080,5820,5690,5951
56754-B,1990,1984,1925,2043
149975-A,7090,7413,7303,7523
31390-C,3480,4095,3977,4213
43421-C,1680,1924,1862,1985
36721-A,3470,4758,4693,4823
9071-B,3120,2824,2783,2864
13309-B,2810,2697,2653,2742
25237-B,2840,2613,2584,2643
27478-A,2030,2063,2004,2122
9419-A,2140,2073,1987,2159
122537-B,2820,2755,2716,2793
165-B,2340,2536,2482,2590
26374-B,3040,3349,3282,3417
25190-C,1800,1913,1846,1980
1804-B,3120,2788,2753,2823
69698-B,2430,2705,2655,2755
75581-C,2010,1990,1906,2074
2761-C,3340,2651,2593,2709
28355-C,1580,1587,1526,1648
66861-C,1700,1743,1705,1780
30932-B,2220,2147,2108,2185
60324-A,1310,1349,1290,1408
23809-A,2430,2197,2154,2239
154721-B,2810,2958,2918,2999
52770-C,1780,1731,1668,1795
146818-A,2200,2304,2271,2337
37573-A,2940,3221,3183,3259
52884-A,2830,2691,2656,2727
64335-D,2630,2858,2805,2911
7554-C,2500,2405,2366,2445
39839-C,2260,2469,2409,2529
59711-A,1430,1442,1379,1505
154552-A,2600,2599,2545,2653
123559-B,2040,2236,2155,2318
146720-A,6900,7957,7839,8074
6314-B,2450,2682,2654,2709
24501-B,1410,1442,1379,1505
135856-C,2130,2259,2199,2319
54620-A,2620,3414,3347,3480
8942-B,3260,3453,3417,3489
28861-A,2120,2399,2346,2451
27843-B,2120,2186,2147,2224
157448-A,2990,2423,2373,2474
37922-B,2410,2653,2604,2703
11023-A,5480,5321,5259,5384
143679-A,2240,2004,1966,2042
70760-A,3290,3545,3508,3583
58726-A,2890,2876,2795,2957
66325-A,3590,4942,4860,5025
32805-A,2580,2717,2688,2746
9179-A,2630,2958,2925,2990
2532-B,2250,2096,2054,2137
136596-B,1730,2089,2034,2143
125156-B,2450,2837,2786,2887
154132-B,2630,2489,2450,2527
141294-B,1870,1789,1730,1847
19708-A,1790,1550,1503,1597
125719-B,3690,3765,3689,3842
156528-D,1490,1607,1562,1652
48572-B,1930,2329,2271,2387
30994-A,2000,2453,2419,2488
17037-A,2630,2756,2720,2792
17544-D,2480,2186,2130,2242
18529-C,1460,1365,1306,1425
122279-B,1660,1744,1706,1783
2133-C,2390,2715,2679,2751
40884-B,2760,2791,2711,2872
815-B,3500,3261,3231,3292
25320-C,2690,2984,2923,3044
151943-A,1900,1577,1520,1635
151682-A,3620,5674,5603,5745
130413-A,1980,2267,2218,2316
374-D,3280,3248,3194,3302
121148-D,2520,2353,2301,2405
157072-A,1990,2524,2466,2581
141219-B,1960,2174,2115,2233
69693-C,2820,2418,2365,2471
841-B,2950,2926,2899,2953
57534-C,2380,2516,2480,2553
34961-A,1510,1674,1635,1713
146339-B,2550,2222,2182,2263
67630-B,1920,1830,1777,1882
32225-B,2000,2465,2428,2501
116933-B,2110,1845,1806,1884
28371-E,1590,1226,1162,1291
144342-B,2380,2407,2356,2458
154826-B,3110,2560,2512,2607
13002-B,1910,2418,2383,2453
50642-A,1760,1712,1654,1770
75324-D,2900,2503,2456,2550
126143-C,1280,1331,1270,1392
380-D,2830,2463,2410,2516
52765-B,1650,1680,1624,1737
9806-B,1300,1230,1190,1271
19177-C,1930,2061,2001,2120
51867-A,2110,2180,2131,2228
123301-A,1840,1770,1732,1807
80611-C,2200,2695,2667,2723
8494-A,2280,2173,2128,2218
131694-B,2970,3021,2960,3082
66217-C,2500,2756,2729,2783
135573-A,2130,2277,2240,2314
52988-A,3140,2903,2865,2941
8221-C,2550,2383,2342,2423
63570-A,5270,5714,5652,5777
147663-C,2420,2327,2263,2391
18518-A,3950,5825,5742,5907
61359-B,2520,2492,2451,2533
152012-A,7760,6589,6481,6696
150533-A,11590,7442,7339,7545
47839-C,2100,2128,2077,2178
150158-C,1750,1671,1614,1729
43185-B,1980,1784,1742,1826
77882-A,2130,2105,2066,2144
137945-A,1720,1782,1745,1820
10154-C,1870,1928,1882,1973
55851-B,2070,2137,2077,2198
152664-C,2570,2637,2590,2684
37781-B,2020,1812,1754,1870
148072-A,2780,2549,2505,2592
3170-A,2530,2530,2495,2565
32303-A,1110,932,869,995
43157-A,1340,1489,1449,1529
151096-B,2180,2522,2493,2552
141128-A,4300,3740,3641,3839
31181-A,2600,2702,2671,2734
140856-B,1970,1674,1635,1713
157448-B,3420,2942,2891,2993
78679-A,3060,2856,2826,2886
125628-B,1710,1654,1611,1697
22961-B,1930,2461,2417,2506
148945-B,2400,2626,2583,2669
35164-B,2480,2724,2664,2784
140816-C,2480,2288,2236,2341
66429-B,2770,2642,2561,2723
129679-B,3960,3475,3413,3538
5128-B,2240,2695,2667,2723
58708-C,2090,2175,2130,2220
132891-C,2790,2480,2446,2514
28371-D,1570,1551,1486,1616
13449-A,3700,4221,4158,4284
23722-C,2790,2673,2618,2729
130915-A,2980,3079,3038,3120
15663-C,2700,2700,2665,2736
145679-B,1780,2257,2200,2314
32545-A,1440,1072,1010,1134
5614-C,2830,2462,2431,2492
153133-A,2860,2763,2727,2799
47163-B,2410,2545,2514,2575
43978-A,2020,1750,1713,1786
128768-A,1930,2110,2055,2166
124741-A,2280,2180,2141,2219
19263-C,2040,2461,2417,2506
52540-A,1680,1680,1619,1741
149339-A,2760,2394,2360,2427
122870-A,2500,2495,2457,2533
69646-A,2000,2720,2692,2749
32398-C,1490,1430,1373,1487
30968-A,1430,1770,1720,1820
6089-B,2400,2294,2245,2344
33133-B,1310,1133,1071,1194
593-B,3140,2999,2966,3033
887-B,2970,2903,2874,2931
36717-B,3440,2913,2872,2955
124997-D,2200,2443,2350,2535
3348-B,2700,2610,2576,2643
4601-C,2900,3050,3003,3097
61603-C,4130,3489,3431,3547
38746-B,2120,2363,2330,2396
14060-B,2450,3002,2957,3048
40993-B,1840,1707,1649,1764
16256-A,4400,5429,5360,5498
17066-D,1820,2008,1952,2064
48514-D,2580,2469,2417,2520
2140-B,2370,2244,2189,2298
39984-B,3830,3437,3394,3479
17173-A,2060,1893,1831,1955
135585-C,2250,2277,2240,2314
133982-B,3580,3364,3326,3402
2596-B,2670,2192,2139,2244
26775-B,3130,2623,2575,2671
11021-A,2530,2158,2112,2205
51501-B,1660,1530,1457,1604
133510-C,2710,2339,2293,2386
19175-B,2830,3220,3182,3257
940-A,2760,2467,2435,2499
40160-C,3550,3799,3720,3879
22883-A,1810,2022,1982,2061
120409-A,3770,3629,3593,3665
10906-C,2410,2545,2514,2575
137304-A,1840,1660,1623,1696
57705-C,2790,2861,2833,2888
27019-B,1490,1488,1429,1547
6426-B,2660,2289,2241,2337
143269-B,2720,2716,2671,2761
19308-A,2190,2565,2537,2594
71150-A,1570,1829,1784,1875
140145-C,2670,2700,2656,2745
19347-A,2220,2526,2482,2571
154007-B,1730,1935,1875,1995
8520-C,2160,2459,2424,2494
3479-B,2470,2427,2385,2468
156779-B,3800,3279,3239,3318
33002-A,1580,1770,1720,1820
17804-A,2380,2756,2720,2792
14506-B,3080,2922,2871,2973
30943-A,1420,1285,1243,1326
16203-C,2200,2270,2225,2315
13171-B,2560,2418,2367,2470
25571-B,1540,1387,1346,1428
135007-A,1880,1926,1882,1971
29047-B,3110,3162,3113,3210
55959-C,1430,1469,1407,1532
60150-A,2520,2693,2650,2737
153867-A,5200,6541,6462,6619
5973-C,2200,2033,1974,2093
56496-D,2400,2856,2800,2911
2335-D,2380,1963,1911,2016
33271-B,1340,1549,1488,1611
80823-B,2350,3140,3040,3241
6870-D,2190,2235,2171,2298
26234-C,2270,2681,2653,2709
119798-C,3000,2905,2864,2947
19327-C,1940,2461,2417,2506
54028-A,3230,3671,3550,3792
24931-D,1780,2240,2179,2300
131622-B,5690,4230,4183,4276
53850-B,2700,2780,2726,2835
9065-D,3310,2872,2819,2925
142774-D,2060,1960,1904,2015
28028-C,1930,2061,2001,2120
11169-C,2230,2342,2305,2379
145884-A,6480,5784,5726,5842
13628-C,1990,1582,1544,1620
50285-B,2720,2260,2206,2314
122041-B,1640,1864,1812,1916
145608-A,2280,2895,2842,2949
57441-A,2200,2050,1990,2109
15295-A,3930,5299,5231,5368
43821-A,2370,2619,2575,2663
114462-A,1730,1686,1626,1747
152415-A,2070,2277,2242,2312
936-C,3030,2811,2767,2854
78052-B,1580,1660,1601,1718
4649-A,2760,2984,2923,3044
122208-C,1570,1799,1740,1858
53754-A,1990,2046,2001,2091
66453-A,1980,1830,1775,1885
18972-B,2370,2876,2849,2903
51501-E,1730,1660,1587,1733
152278-C,2250,1874,1835,1912
151419-B,3170,2900,2850,2949
52423-C,3470,3199,3141,3258
119440-B,3490,2716,2664,2769
79918-A,1700,1596,1535,1657
74804-B,3140,3296,3249,3343
2692-A,2260,2480,2446,2514
32001-C,1310,2468,2401,2536
23795-A,3380,3847,3718,3977
531-D,2510,2551,2512,2591
157219-B,4730,4242,4178,4307
144497-A,9570,7631,7532,7729
79869-C,3210,2845,2790,2900
54638-B,3160,3290,3232,3349
129969-B,3340,2770,2717,2822
146129-A,4980,7443,7331,7556
135630-A,1640,1875,1814,1935
46968-B,3010,3178,3118,3238
115878-A,1750,1924,1862,1985
1833-B,2410,2584,2555,2613
141864-A,3080,2910,2874,2945
4701-A,2060,2147,2111,2183
39378-A,4260,5708,5636,5780
32218-A,2180,2277,2240,2314
1149-C,4330,3239,3198,3280
121082-B,3230,2918,2878,2958
47962-B,3450,3023,2990,3056
5982-A,2440,2616,2584,2648
147991-B,3560,3187,3141,3232
2335-B,2790,2223,2171,2275
141025-B,2630,2391,2342,2441
138425-A,3210,3641,3523,3759
114547-B,2010,1944,1908,1981
54010-A,3380,3143,3082,3204
39620-B,2770,2891,2830,2953
39804-A,5100,6561,6488,6634
146444-A,9350,6788,6708,6868
24391-B,2030,1782,1744,1820
143157-D,3180,3479,3442,3516
148848-B,3490,2936,2876,2995
69090-A,4790,4650,4582,4718
31833-B,2460,2164,2110,2218
120663-B,2300,2281,2240,2322
19861-B,2360,2264,2216,2312
67049-B,2090,2375,2333,2418
72211-A,2000,1979,1942,2016
54544-A,2580,2271,2225,2318
12801-A,3880,3415,3381,3449
120880-C,2210,2254,2207,2301
5687-C,2650,2449,2407,2491
58833-C,2710,2456,2414,2498
136040-B,3680,2684,2647,2722
147678-A,3320,4000,3935,4065
70681-B,1530,1710,1646,1775
56329-B,2850,2965,2915,3014
37-B,2790,2893,2860,2926
22763-F,2890,2942,2872,3012
153810-B,3590,2712,2677,2748
34907-A,1490,1798,1748,1847
4350-C,2350,2510,2474,2545
26636-C,2760,2761,2726,2795
47228-C,1900,1871,1819,1924
14404-B,2090,2311,2273,2348
72138-D,2290,2062,2016,2108
8816-D,3050,2780,2742,2817
14699-A,6250,6208,6103,6314
52349-C,2460,2392,2328,2456
5488-B,2090,2473,2444,2502
70879-B,2400,2575,2539,2610
130318-A,2960,3149,3105,3192
147372-A,2330,1792,1750,1833
60559-A,2670,2772,2732,2812
2324-A,1980,2475,2432,2518
6878-B,2750,2613,2584,2643
138589-B,2590,2355,2272,2438
58636-B,2280,2233,2186,2280
152291-B,2100,1889,1828,1950
68326-C,1630,1644,1583,1706
43836-A,3180,3140,3084,3196
139287-B,5320,3931,3884,3977
37662-A,7560,5595,5536,5654
28926-B,2870,2914,2834,2994
47863-A,4380,3683,3646,3720
64605-A,3770,3704,3654,3753
37943-B,2870,2861,2824,2898
6621-B,2350,2224,2176,2272
18523-B,1490,1601,1536,1666
54448-C,1470,1530,1470,1590
54253-A,2180,2004,1961,2047
140152-C,2110,2485,2423,2547
130320-B,1810,1896,1837,1955
68621-C,1720,1997,1942,2051
30240-C,2200,2565,2537,2594
9796-A,1830,1975,1912,2039
138639-C,2280,2598,2549,2648
75464-C,1600,2107,2047,2167
2247-A,2030,2475,2432,2518
49211-D,2690,2739,2688,2790
35273-C,1920,2324,2289,2358
47612-C,2210,2131,2079,2184
1016-B,2890,3224,3174,3274
47813-A,1690,1804,1765,1843
58566-A,2230,2440,2399,2481
19014-A,5450,5753,5677,5828
43085-A,2540,2480,2445,2514
80009-C,1930,1760,1722,1798
32730-C,2240,2567,2531,2603
143297-A,6100,7314,7210,7418
8963-C,4480,3995,3949,4042
34687-C,1670,1674,1635,1713
107-C,2590,2366,2307,2425
152061-B,2830,2742,2694,2789
38302-A,1790,1699,1655,1743
2384-D,2520,2442,2387,2496
141810-B,2820,3197,3137,3256
156354-A,7420,6589,6481,6696
150857-A,8150,7161,7073,7248
47279-A,2570,2318,2266,2370
1902-C,2730,2642,2601,2683
116727-B,1610,1560,1522,1598
124321-A,1800,1862,1802,1923
127239-A,4400,3538,3477,3599
135510-A,4300,3315,3282,3349
141654-B,2540,2500,2456,2544
157439-A,3450,2826,2740,2911
60287-C,1410,1386,1327,1445
19893-D,3360,3364,3326,3402
2542-C,2700,2848,2807,2890
28658-C,2170,2475,2432,2518
138322-B,1350,1246,1187,1305
989-A,2760,2751,2710,2792
21905-C,1600,1587,1526,1648
27735-A,3160,2510,2457,2563
35739-A,5990,5158,5100,5216
61593-B,1530,1218,1158,1278
13487-A,2050,2034,1971,2097
2523-B,2450,2123,2083,2163
19461-C,1570,1452,1414,1491
21231-C,2910,2983,2939,3027
12186-F,3660,3187,3112,3262
118951-B,1970,2036,1998,2075
7139-B,1760,1823,1777,1869
10-A,4820,4289,4234,4343
19244-C,2680,2153,2109,2198
131950-C,2480,2756,2729,2783
59853-A,4970,5430,5359,5501
151846-A,2860,2803,2743,2863
40270-A,2160,2317,2256,2377
18204-B,3110,2905,2878,2932
11317-A,2690,2391,2338,2444
145986-A,5580,5370,5312,5428
7845-D,2350,2186,2130,2242
31224-B,2230,2648,2614,2682
47751-B,1670,1666,1620,1713
35610-B,1600,1321,1262,1380
56981-A,2520,2183,2136,2230
30526-A,3480,3555,3490,3619
19019-C,2080,2554,2510,2598
20233-A,1870,1767,1730,1804
21905-D,1620,1587,1526,1648
28327-A,3750,3228,3190,3266
7683-A,1720,1991,1947,2036
43256-D,3540,3442,3406,3478
44329-A,1410,1429,1345,1513
72912-E,2410,2082,2005,2158
65312-B,2500,2691,2664,2718
137089-A,2880,3569,3449,3689
49155-B,2060,2328,2245,2411
36201-A,4720,5453,5376,5530
37712-B,3290,2871,2835,2906
148064-A,8130,6144,6060,6228
48261-B,1680,2018,1966,2070
27620-D,2400,2719,2690,2747
24942-C,3280,2859,2755,2963
149246-A,1840,2006,1964,2049
119928-B,3090,3138,3094,3183
133617-B,1510,1354,1294,1413
29351-C,1490,1137,1081,1194
122173-A,2000,2124,2077,2171
925-B,2160,2565,2537,2594
8476-B,2510,2691,2664,2718
24184-A,2790,3135,3101,3170
120-C,3100,3053,3004,3102
56925-B,2940,3269,3168,3369
27830-C,1590,1835,1785,1885
17803-C,1690,1452,1411,1492
35737-B,2230,2115,2053,2177
143798-B,2470,2474,2433,2515
52323-B,1960,2630,2602,2658
133195-B,2260,2249,2202,2297
14293-C,2690,2617,2584,2650
26662-D,2510,2846,2808,2883
65496-A,3240,3418,3381,3455
2894-C,2920,2896,2862,2930
141469-A,1860,1726,1688,1765
34217-B,2900,3535,3435,3636
32985-C,2050,2441,2396,2485
65423-B,1950,1989,1927,2050
12931-A,3120,3239,3187,3291
28257-B,3480,3242,3179,3305
55918-B,2390,2357,2275,2439
61823-A,2010,2453,2419,2488
149505-B,2130,2316,2252,2380
153642-B,3700,3496,3395,3596
43884-C,1810,2655,2597,2712
79428-C,2230,2107,2070,2144
8085-D,2530,2764,2729,2800
135391-C,2390,2100,2062,2139
1220-B,2970,2903,2874,2931
47315-C,2110,1984,1938,2030
148583-A,2280,2345,2264,2426
147639-B,2460,2298,2257,2339
58012-A,2290,2175,2117,2232
5234-A,2700,2767,2738,2796
374-C,3470,3248,3194,3302
20376-B,2700,3374,3274,3474
52771-A,1010,1108,1044,1173
2555-B,2550,2537,2500,2573
1652-B,2220,2388,2353,2422
44329-F,1350,1364,1279,1448
53160-A,3360,3225,3141,3310
136921-B,3810,3125,3032,3217
119176-C,2620,2613,2581,2645
9584-C,2470,2373,2328,2417
122537-A,3100,2690,2651,2729
143301-C,2560,2711,2681,2742
19384-A,1700,1856,1797,1914
123565-C,1960,2078,1998,2158
146866-A,4730,3768,3649,3887
52707-C,2650,2617,2589,2645
46114-A,2940,2494,2465,2523
125292-D,1310,1239,1177,1301
2050-C,2230,2216,2163,2270
522-B,2460,2639,2610,2667
35394-C,1900,1981,1923,2040
122164-A,1940,1912,1856,1969
18410-C,2160,1900,1842,1958
16843-A,2840,3240,3205,3275
5324-B,2910,2776,2741,2811
128849-A,3850,4677,4615,4740
45884-A,6140,5468,5397,5539
65954-B,2070,1797,1756,1839
47211-C,2500,2674,2640,2708
24767-A,1410,1412,1351,1473
143295-A,3080,2811,2730,2892
114473-A,1700,1538,1497,1578
3222-B,2260,2273,2239,2307
29314-D,1720,1490,1449,1530
57327-A,2680,2994,2930,3058
147009-C,2250,2341,2286,2396
77342-B,1860,2096,2016,2176
55169-C,2700,2935,2898,2972
125699-B,3140,3173,3129,3217
151113-A,9660,9819,9686,9951
81332-D,2230,3034,2915,3153
147935-A,3920,5302,5217,5386
56665-A,2080,2167,2116,2217
48223-A,1850,1913,1859,1968
74567-B,1820,2485,2433,2536
152484-A,1720,1889,1846,1933
391-A,2100,2672,2585,2760
135777-C,1670,1804,1765,1843
62718-C,3060,2877,2843,2910
66061-B,2130,2083,2038,2128
7524-C,2620,2669,2626,2712
120929-A,3320,3281,3249,3313
8572-B,2080,2799,2765,2834
42949-B,2370,2182,2135,2229
134681-C,2530,2253,2213,2293
148838-B,2880,2876,2840,2911
35122-B,3150,3489,3425,3554
34003-D,2690,3315,3255,3376
50176-A,3020,3219,3171,3267
44438-C,3190,2659,2617,2702
49064-C,1590,1711,1653,1769
52110-A,1740,1804,1747,1862
11632-A,6030,5790,5732,5848
150161-A,4760,4677,4611,4743
55354-D,2020,1955,1899,2010
49119-B,2920,3594,3530,3658
8977-B,2380,2123,2083,2163
152005-A,9330,8254,8113,8395
1756-C,3450,3466,3409,3523
152481-C,1920,1985,1928,2042
1675-A,2200,2512,2483,2541
33254-B,3700,3062,3029,3095
131493-B,2600,2222,2167,2277
62622-C,1530,1667,1598,1736
124953-B,2570,2629,2586,2673
62277-A,1830,2018,1966,2071
23340-A,6190,5825,5729,5922
9558-B,3070,2986,2956,3016
39016-A,2330,2136,2094,2178
11489-A,3470,3098,3060,3136
16401-C,2630,2756,2720,2792
78287-B,3120,3110,3066,3155
143315-A,4730,5965,5867,6062
56140-C,1890,1688,1629,1746
56270-B,1700,2083,2031,2135
53364-C,1950,2064,2002,2126
116255-D,2140,1884,1843,1925
34600-C,1860,1816,1779,1854
9836-C,2880,3082,3001,3164
152507-C,1410,1295,1238,1352
46719-C,2690,2805,2772,2837
33146-B,1490,1744,1683,1806
121174-A,2000,1977,1920,2034
57959-B,1940,1830,1777,1882
117876-A,2590,2238,2198,2278
50006-A,4300,3239,3174,3304
51162-D,3340,3056,3010,3103
67862-A,2850,3150,3111,3189
147328-B,2740,2335,2253,2418
145609-A,2960,3113,3053,3174
36951-A,3500,3275,3236,3315
17145-C,1370,1291,1234,1348
47765-A,1710,2199,2141,2258
79520-B,2740,2861,2833,2888
22996-A,2070,1897,1836,1958
19454-C,2460,2441,2405,2476
29954-C,1330,1331,1270,1392
119307-C,1820,1971,1933,2010
254-D,4460,4026,3982,4071
139569-A,5470,4277,4207,4347
8710-D,3290,3282,3232,3331
146754-B,2120,1769,1731,1808
1407-B,2580,2739,2696,2781
140078-B,2350,2496,2438,2555
152294-B,2740,2460,2378,2541
30461-B,2370,2453,2419,2488
12333-C,2450,2667,2630,2703
68210-A,2410,2691,2656,2727
8234-C,1970,2735,2700,2769
150512-B,2860,3038,3004,3072
125395-A,1070,1121,1064,1178
6441-C,2960,2647,2609,2686
140526-C,1400,1664,1602,1727
36222-B,1860,2131,2079,2183
139628-A,2840,3289,3256,3322
